{"identifier":"8e37e3aa-f97c-4344-af3a-71d46090fb61","isWhitelisted":true,"licenseAgreementWebsite":"","name":"ywhdhd","privacyPolicyWebsite":"","publisher":"hdvdvs","publisherEmail":"","publisherWebsite":"","stickers":[{"emojis":[],"imageFileName":"0","size":0,"uri":"file:///data/user/0/com.dabeloper.badstickers/files/8e37e3aa-f97c-4344-af3a-71d46090fb61/8e37e3aa-f97c-4344-af3a-71d46090fb61-0.webp"},{"emojis":[],"imageFileName":"1","size":0,"uri":"file:///data/user/0/com.dabeloper.badstickers/files/8e37e3aa-f97c-4344-af3a-71d46090fb61/8e37e3aa-f97c-4344-af3a-71d46090fb61-1.webp"},{"emojis":[],"imageFileName":"2","size":0,"uri":"file:///data/user/0/com.dabeloper.badstickers/files/8e37e3aa-f97c-4344-af3a-71d46090fb61/8e37e3aa-f97c-4344-af3a-71d46090fb61-2.webp"},{"emojis":[],"imageFileName":"3","size":0,"uri":"file:///data/user/0/com.dabeloper.badstickers/files/8e37e3aa-f97c-4344-af3a-71d46090fb61/8e37e3aa-f97c-4344-af3a-71d46090fb61-3.webp"},{"emojis":[],"imageFileName":"4","size":0,"uri":"file:///data/user/0/com.dabeloper.badstickers/files/8e37e3aa-f97c-4344-af3a-71d46090fb61/8e37e3aa-f97c-4344-af3a-71d46090fb61-4.webp"}],"stickersAddedIndex":5,"totalSize":0,"trayImageFile":"trayimage","trayImageUri":"file:///data/user/0/com.dabeloper.badstickers/files/8e37e3aa-f97c-4344-af3a-71d46090fb61/8e37e3aa-f97c-4344-af3a-71d46090fb61-trayImage.webp"}