{
    "android_play_store_link": "",
    "ios_app_store_link": "",
    "sticker_packs": [
      {
        "identifier": "1",
        "name": "Troll",
        "publisher": "BadStickers",
        "tray_image_file": "troll.png",
        "image_data_version":"1",
        "avoid_cache":false,
        "publisher_email":"",
        "publisher_website": "",
        "privacy_policy_website": "",
        "license_agreement_website": "",
        "stickers": [
          {
            "image_file": "STK-20191124-WA0030.webp",
            "emojis": ["☕","🙂"]
          },
          {
            "image_file": "STK-20191104-WA0014.webp",
            "emojis": ["😄","😀"]
          },
          {
            "image_file": "STK-20191030-WA0007.webp",
            "emojis": ["😆","😂"]
          },
          {
            "image_file": "STK-20191017-WA0002.webp",
            "emojis": ["😩","😰"]
          }
        ]
      }
    ]
  }
  